station_id,date,observed_max_c,observed_min_c
DNMM,2026-03-01,32.0,25.1
DNMM,2026-03-02,32.5,25.7
DNMM,2026-03-03,34.2,25.0
DNMM,2026-03-04,32.8,25.7
DNMM,2026-03-05,34.5,26.0
DNMM,2026-03-06,34.2,26.8
DNMM,2026-03-07,34.2,26.5
DNMM,2026-03-08,34.8,26.6
DNMM,2026-03-09,34.5,27.4
DNMM,2026-03-10,34.0,26.8
DNMM,2026-03-11,33.2,26.4
DNMM,2026-03-12,33.9,26.3
DNMM,2026-03-13,34.5,26.3
DNMM,2026-03-14,32.1,24.2
DNMM,2026-03-15,34.6,26.8
DNMM,2026-03-16,33.0,26.5
DNMM,2026-03-17,32.0,25.0
DNMM,2026-03-18,34.8,25.8
DNMM,2026-03-19,34.2,26.8
DNMM,2026-03-20,33.8,26.5
DNMM,2026-03-21,33.5,26.9
DNMM,2026-03-22,32.2,27.1
DNMM,2026-03-23,33.2,26.5
DNMM,2026-03-24,33.5,25.1
DNMM,2026-03-25,33.4,26.7
DNMM,2026-03-26,34.8,25.9
DNMM,2026-03-27,34.5,26.5
DNMM,2026-03-28,34.8,25.7
DNMM,2026-03-29,29.9,22.9
DNMM,2026-03-30,31.8,25.0
DNMM,2026-03-31,30.2,24.5
EDDM,2026-03-01,8.8,6.2
EDDM,2026-03-02,10.7,0.4
EDDM,2026-03-03,9.8,0.7
EDDM,2026-03-04,9.4,1.5
EDDM,2026-03-05,13.4,0.4
EDDM,2026-03-06,14.9,-0.4
EDDM,2026-03-07,14.6,0.3
EDDM,2026-03-08,13.0,0.4
EDDM,2026-03-09,14.2,1.1
EDDM,2026-03-10,15.8,3.3
EDDM,2026-03-11,14.2,6.2
EDDM,2026-03-12,10.9,4.9
EDDM,2026-03-13,15.8,0.3
EDDM,2026-03-14,12.9,3.0
EDDM,2026-03-15,6.9,2.2
EDDM,2026-03-16,9.2,0.9
EDDM,2026-03-17,6.3,0.2
EDDM,2026-03-18,10.8,-1.5
EDDM,2026-03-19,11.8,1.9
EDDM,2026-03-20,12.3,-0.9
EDDM,2026-03-21,10.5,0.3
EDDM,2026-03-22,12.8,1.9
EDDM,2026-03-23,11.7,-1.4
EDDM,2026-03-24,14.1,1.8
EDDM,2026-03-25,13.8,3.3
EDDM,2026-03-26,5.3,0.4
EDDM,2026-03-27,5.3,-2.0
EDDM,2026-03-28,7.5,-3.2
EDDM,2026-03-29,5.4,0.5
EDDM,2026-03-30,6.1,0.2
EDDM,2026-03-31,6.3,-0.5
EFHK,2026-03-01,2.0,0.2
EFHK,2026-03-02,1.9,-0.9
EFHK,2026-03-03,2.7,-6.5
EFHK,2026-03-04,4.0,0.2
EFHK,2026-03-05,5.1,-0.7
EFHK,2026-03-06,4.5,-5.6
EFHK,2026-03-07,5.6,-1.6
EFHK,2026-03-08,5.9,-3.2
EFHK,2026-03-09,3.6,-0.8
EFHK,2026-03-10,6.1,-1.9
EFHK,2026-03-11,5.2,-0.6
EFHK,2026-03-12,4.1,1.2
EFHK,2026-03-13,6.4,1.0
EFHK,2026-03-14,9.6,2.7
EFHK,2026-03-15,8.2,2.1
EFHK,2026-03-16,4.1,0.2
EFHK,2026-03-17,5.4,-0.6
EFHK,2026-03-18,2.4,-0.4
EFHK,2026-03-19,6.7,0.6
EFHK,2026-03-20,9.8,-1.5
EFHK,2026-03-21,7.8,-0.9
EFHK,2026-03-22,9.0,0.8
EFHK,2026-03-23,7.4,0.9
EFHK,2026-03-24,6.7,-2.0
EFHK,2026-03-25,8.2,3.0
EFHK,2026-03-26,7.4,2.9
EFHK,2026-03-27,10.5,1.1
EFHK,2026-03-28,5.7,-1.0
EFHK,2026-03-29,5.2,-0.8
EFHK,2026-03-30,4.2,-1.5
EFHK,2026-03-31,10.5,-0.9
EGLC,2026-03-01,12.4,6.2
EGLC,2026-03-02,14.7,8.6
EGLC,2026-03-03,14.1,5.4
EGLC,2026-03-04,13.4,4.8
EGLC,2026-03-05,16.9,6.2
EGLC,2026-03-06,11.4,7.7
EGLC,2026-03-07,10.0,7.1
EGLC,2026-03-08,12.6,7.2
EGLC,2026-03-09,14.9,6.8
EGLC,2026-03-10,12.4,8.8
EGLC,2026-03-11,12.2,7.2
EGLC,2026-03-12,11.6,6.4
EGLC,2026-03-13,11.3,4.1
EGLC,2026-03-14,10.5,1.6
EGLC,2026-03-15,11.6,2.5
EGLC,2026-03-16,11.9,5.3
EGLC,2026-03-17,13.9,8.9
EGLC,2026-03-18,17.2,7.3
EGLC,2026-03-19,15.5,4.4
EGLC,2026-03-20,13.1,2.8
EGLC,2026-03-21,12.3,2.1
EGLC,2026-03-22,11.6,1.0
EGLC,2026-03-23,14.6,3.7
EGLC,2026-03-24,13.4,8.6
EGLC,2026-03-25,9.6,4.3
EGLC,2026-03-26,9.6,2.1
EGLC,2026-03-27,11.9,5.6
EGLC,2026-03-28,10.4,4.0
EGLC,2026-03-29,10.4,2.4
EGLC,2026-03-30,11.3,6.6
EGLC,2026-03-31,16.2,6.9
EHAM,2026-03-01,12.2,4.1
EHAM,2026-03-02,15.2,6.4
EHAM,2026-03-03,16.0,5.3
EHAM,2026-03-04,14.2,3.2
EHAM,2026-03-05,16.2,6.0
EHAM,2026-03-06,17.1,6.4
EHAM,2026-03-07,13.4,5.7
EHAM,2026-03-08,14.2,6.2
EHAM,2026-03-09,15.8,2.0
EHAM,2026-03-10,11.9,6.1
EHAM,2026-03-11,10.3,7.2
EHAM,2026-03-12,12.2,5.6
EHAM,2026-03-13,10.8,5.9
EHAM,2026-03-14,8.6,3.5
EHAM,2026-03-15,11.1,2.0
EHAM,2026-03-16,8.9,4.9
EHAM,2026-03-17,14.4,6.4
EHAM,2026-03-18,14.6,7.2
EHAM,2026-03-19,15.4,3.0
EHAM,2026-03-20,11.1,5.3
EHAM,2026-03-21,9.7,2.4
EHAM,2026-03-22,14.3,3.3
EHAM,2026-03-23,13.5,4.2
EHAM,2026-03-24,12.4,7.2
EHAM,2026-03-25,11.5,4.1
EHAM,2026-03-26,6.5,2.5
EHAM,2026-03-27,9.7,0.1
EHAM,2026-03-28,8.8,3.5
EHAM,2026-03-29,9.6,2.2
EHAM,2026-03-30,8.9,4.8
EHAM,2026-03-31,10.9,4.7
EPWA,2026-03-01,12.1,3.3
EPWA,2026-03-02,11.4,0.7
EPWA,2026-03-03,12.3,3.5
EPWA,2026-03-04,10.1,2.0
EPWA,2026-03-05,9.4,-1.5
EPWA,2026-03-06,10.1,-1.9
EPWA,2026-03-07,12.2,-1.5
EPWA,2026-03-08,12.8,0.2
EPWA,2026-03-09,14.1,1.1
EPWA,2026-03-10,15.6,2.3
EPWA,2026-03-11,17.0,5.6
EPWA,2026-03-12,15.1,5.7
EPWA,2026-03-13,16.0,4.2
EPWA,2026-03-14,17.5,6.0
EPWA,2026-03-15,16.6,4.3
EPWA,2026-03-16,12.8,2.6
EPWA,2026-03-17,10.8,2.2
EPWA,2026-03-18,14.1,1.6
EPWA,2026-03-19,12.2,1.7
EPWA,2026-03-20,10.2,1.2
EPWA,2026-03-21,10.9,1.4
EPWA,2026-03-22,13.6,0.8
EPWA,2026-03-23,14.4,1.8
EPWA,2026-03-24,15.9,3.0
EPWA,2026-03-25,16.2,6.0
EPWA,2026-03-26,8.6,5.1
EPWA,2026-03-27,9.4,3.1
EPWA,2026-03-28,14.4,3.5
EPWA,2026-03-29,16.2,4.8
EPWA,2026-03-30,10.6,2.2
EPWA,2026-03-31,11.4,6.2
FACT,2026-03-01,18.8,12.8
FACT,2026-03-02,21.1,10.4
FACT,2026-03-03,24.0,11.9
FACT,2026-03-04,26.5,14.6
FACT,2026-03-05,24.5,15.4
FACT,2026-03-06,25.2,15.6
FACT,2026-03-07,22.0,15.5
FACT,2026-03-08,31.2,10.9
FACT,2026-03-09,35.4,13.1
FACT,2026-03-10,41.0,17.6
FACT,2026-03-11,43.3,21.9
FACT,2026-03-12,39.0,21.2
FACT,2026-03-13,28.4,18.2
FACT,2026-03-14,31.8,17.8
FACT,2026-03-15,35.2,16.8
FACT,2026-03-16,26.6,17.1
FACT,2026-03-17,30.4,19.0
FACT,2026-03-18,29.8,16.8
FACT,2026-03-19,26.0,17.0
FACT,2026-03-20,22.8,16.2
FACT,2026-03-21,25.1,15.1
FACT,2026-03-22,24.8,14.4
FACT,2026-03-23,31.5,15.6
FACT,2026-03-24,36.8,18.9
FACT,2026-03-25,24.9,17.3
FACT,2026-03-26,27.6,14.4
FACT,2026-03-27,24.9,13.9
FACT,2026-03-28,24.0,17.0
FACT,2026-03-29,24.6,14.2
FACT,2026-03-30,23.4,14.9
FACT,2026-03-31,32.2,12.5
HKO,2026-03-01,22.4,18.8
HKO,2026-03-02,24.9,20.5
HKO,2026-03-03,21.0,15.3
HKO,2026-03-04,17.0,13.1
HKO,2026-03-05,23.0,14.4
HKO,2026-03-06,22.4,14.5
HKO,2026-03-07,19.6,15.9
HKO,2026-03-08,21.0,14.9
HKO,2026-03-09,22.0,15.9
HKO,2026-03-10,18.5,13.9
HKO,2026-03-11,19.2,15.4
HKO,2026-03-12,22.5,14.1
HKO,2026-03-13,18.2,14.7
HKO,2026-03-14,21.0,13.9
HKO,2026-03-15,22.0,15.7
HKO,2026-03-16,22.5,16.0
HKO,2026-03-17,22.5,17.5
HKO,2026-03-18,26.0,17.7
HKO,2026-03-19,25.7,17.9
HKO,2026-03-20,23.6,19.4
HKO,2026-03-21,23.9,19.4
HKO,2026-03-22,24.4,19.2
HKO,2026-03-23,25.9,18.9
HKO,2026-03-24,26.0,21.0
HKO,2026-03-25,28.9,19.7
HKO,2026-03-26,25.5,21.6
HKO,2026-03-27,26.0,21.8
HKO,2026-03-28,25.2,21.8
HKO,2026-03-29,25.2,21.0
HKO,2026-03-30,26.3,21.7
HKO,2026-03-31,25.5,21.5
KATL,2026-03-01,23.6,7.4
KATL,2026-03-02,22.6,10.4
KATL,2026-03-03,15.5,9.1
KATL,2026-03-04,21.9,10.3
KATL,2026-03-05,24.8,13.9
KATL,2026-03-06,26.8,14.6
KATL,2026-03-07,27.3,16.0
KATL,2026-03-08,20.0,15.6
KATL,2026-03-09,25.5,14.4
KATL,2026-03-10,26.5,15.8
KATL,2026-03-11,27.8,16.8
KATL,2026-03-12,21.0,6.9
KATL,2026-03-13,18.0,3.2
KATL,2026-03-14,23.6,5.9
KATL,2026-03-15,22.5,11.4
KATL,2026-03-16,18.1,1.4
KATL,2026-03-17,7.4,-2.0
KATL,2026-03-18,10.9,-1.5
KATL,2026-03-19,18.6,1.5
KATL,2026-03-20,23.1,5.6
KATL,2026-03-21,27.3,13.6
KATL,2026-03-22,27.7,14.5
KATL,2026-03-23,25.6,13.3
KATL,2026-03-24,19.1,9.9
KATL,2026-03-25,19.6,8.9
KATL,2026-03-26,26.0,11.2
KATL,2026-03-27,28.6,15.4
KATL,2026-03-28,20.1,8.6
KATL,2026-03-29,18.3,6.3
KATL,2026-03-30,22.5,13.3
KATL,2026-03-31,26.8,15.2
KAUS,2026-03-01,28.2,17.2
KAUS,2026-03-02,28.0,18.1
KAUS,2026-03-03,29.8,19.0
KAUS,2026-03-04,30.0,20.9
KAUS,2026-03-05,28.4,20.2
KAUS,2026-03-06,29.3,20.9
KAUS,2026-03-07,26.0,13.1
KAUS,2026-03-08,19.1,11.4
KAUS,2026-03-09,25.6,16.2
KAUS,2026-03-10,26.6,21.2
KAUS,2026-03-11,26.6,16.2
KAUS,2026-03-12,17.9,7.9
KAUS,2026-03-13,24.5,8.1
KAUS,2026-03-14,28.5,12.3
KAUS,2026-03-15,35.2,14.1
KAUS,2026-03-16,12.6,4.9
KAUS,2026-03-17,18.5,1.0
KAUS,2026-03-18,24.0,7.2
KAUS,2026-03-19,28.2,11.3
KAUS,2026-03-20,30.2,13.4
KAUS,2026-03-21,31.6,15.6
KAUS,2026-03-22,31.5,16.2
KAUS,2026-03-23,28.9,14.8
KAUS,2026-03-24,29.5,16.2
KAUS,2026-03-25,30.4,19.6
KAUS,2026-03-26,30.7,19.1
KAUS,2026-03-27,29.0,15.7
KAUS,2026-03-28,21.6,14.4
KAUS,2026-03-29,28.0,11.9
KAUS,2026-03-30,29.2,18.5
KAUS,2026-03-31,29.7,18.8
KBKF,2026-03-01,17.5,3.5
KBKF,2026-03-02,21.5,6.8
KBKF,2026-03-03,9.0,2.2
KBKF,2026-03-04,15.5,1.4
KBKF,2026-03-05,20.2,2.0
KBKF,2026-03-06,6.3,-1.7
KBKF,2026-03-07,5.2,-8.4
KBKF,2026-03-08,13.2,-2.3
KBKF,2026-03-09,20.7,1.5
KBKF,2026-03-10,20.5,2.2
KBKF,2026-03-11,8.1,-3.3
KBKF,2026-03-12,18.0,0.9
KBKF,2026-03-13,19.4,7.7
KBKF,2026-03-14,22.5,8.5
KBKF,2026-03-15,9.6,-7.9
KBKF,2026-03-16,9.1,-9.8
KBKF,2026-03-17,20.5,5.2
KBKF,2026-03-18,25.7,7.6
KBKF,2026-03-19,28.8,7.7
KBKF,2026-03-20,29.0,8.6
KBKF,2026-03-21,30.6,8.9
KBKF,2026-03-22,17.2,4.6
KBKF,2026-03-23,22.7,6.7
KBKF,2026-03-24,27.4,9.7
KBKF,2026-03-25,30.3,12.9
KBKF,2026-03-26,25.0,7.4
KBKF,2026-03-27,11.3,3.1
KBKF,2026-03-28,25.6,2.0
KBKF,2026-03-29,25.0,9.5
KBKF,2026-03-30,25.3,9.2
KBKF,2026-03-31,14.9,4.2
KDAL,2026-03-01,27.6,16.1
KDAL,2026-03-02,27.0,15.9
KDAL,2026-03-03,29.0,18.2
KDAL,2026-03-04,26.4,20.0
KDAL,2026-03-05,27.2,18.9
KDAL,2026-03-06,27.5,18.5
KDAL,2026-03-07,20.5,9.6
KDAL,2026-03-08,21.2,7.0
KDAL,2026-03-09,27.5,16.5
KDAL,2026-03-10,26.9,19.4
KDAL,2026-03-11,23.4,11.4
KDAL,2026-03-12,15.0,4.2
KDAL,2026-03-13,23.1,8.6
KDAL,2026-03-14,25.6,12.8
KDAL,2026-03-15,27.8,8.2
KDAL,2026-03-16,7.6,1.2
KDAL,2026-03-17,16.4,0.9
KDAL,2026-03-18,23.0,8.3
KDAL,2026-03-19,29.7,12.1
KDAL,2026-03-20,32.0,15.4
KDAL,2026-03-21,33.3,16.9
KDAL,2026-03-22,34.2,18.8
KDAL,2026-03-23,26.9,15.6
KDAL,2026-03-24,29.0,16.4
KDAL,2026-03-25,29.6,18.6
KDAL,2026-03-26,30.1,19.0
KDAL,2026-03-27,24.5,12.9
KDAL,2026-03-28,15.9,11.2
KDAL,2026-03-29,27.6,10.8
KDAL,2026-03-30,29.1,18.0
KDAL,2026-03-31,30.9,18.8
KHOU,2026-03-01,25.9,16.6
KHOU,2026-03-02,27.0,15.0
KHOU,2026-03-03,26.9,19.8
KHOU,2026-03-04,25.0,20.0
KHOU,2026-03-05,26.7,20.5
KHOU,2026-03-06,27.5,19.6
KHOU,2026-03-07,27.8,20.0
KHOU,2026-03-08,21.7,19.0
KHOU,2026-03-09,27.9,19.2
KHOU,2026-03-10,27.6,22.1
KHOU,2026-03-11,25.4,18.1
KHOU,2026-03-12,18.4,9.4
KHOU,2026-03-13,22.2,8.3
KHOU,2026-03-14,25.0,13.1
KHOU,2026-03-15,28.2,17.5
KHOU,2026-03-16,15.6,7.1
KHOU,2026-03-17,14.4,1.9
KHOU,2026-03-18,21.7,6.9
KHOU,2026-03-19,25.8,11.0
KHOU,2026-03-20,27.5,12.9
KHOU,2026-03-21,29.0,17.0
KHOU,2026-03-22,28.5,18.0
KHOU,2026-03-23,29.6,16.4
KHOU,2026-03-24,27.8,18.6
KHOU,2026-03-25,28.5,17.5
KHOU,2026-03-26,28.3,17.7
KHOU,2026-03-27,29.7,17.6
KHOU,2026-03-28,24.0,16.5
KHOU,2026-03-29,27.0,14.6
KHOU,2026-03-30,28.1,17.9
KHOU,2026-03-31,27.4,19.2
KLAX,2026-03-01,23.3,13.8
KLAX,2026-03-02,19.6,13.8
KLAX,2026-03-03,20.5,12.6
KLAX,2026-03-04,19.7,12.2
KLAX,2026-03-05,24.4,13.0
KLAX,2026-03-06,22.5,11.6
KLAX,2026-03-07,25.2,13.4
KLAX,2026-03-08,29.8,14.3
KLAX,2026-03-09,20.6,13.6
KLAX,2026-03-10,18.4,13.1
KLAX,2026-03-11,20.1,10.5
KLAX,2026-03-12,26.9,12.7
KLAX,2026-03-13,30.0,14.9
KLAX,2026-03-14,24.6,13.8
KLAX,2026-03-15,22.8,13.8
KLAX,2026-03-16,22.2,13.9
KLAX,2026-03-17,31.9,14.6
KLAX,2026-03-18,28.0,17.2
KLAX,2026-03-19,28.8,15.7
KLAX,2026-03-20,28.0,15.9
KLAX,2026-03-21,23.6,15.7
KLAX,2026-03-22,22.9,15.6
KLAX,2026-03-23,23.1,14.4
KLAX,2026-03-24,22.1,15.0
KLAX,2026-03-25,19.8,14.2
KLAX,2026-03-26,23.3,13.9
KLAX,2026-03-27,23.1,13.6
KLAX,2026-03-28,20.8,13.6
KLAX,2026-03-29,23.0,13.2
KLAX,2026-03-30,22.3,13.4
KLAX,2026-03-31,20.9,16.0
KLGA,2026-03-01,3.0,-4.6
KLGA,2026-03-02,-2.2,-9.5
KLGA,2026-03-03,1.1,-6.6
KLGA,2026-03-04,7.2,0.6
KLGA,2026-03-05,5.2,1.7
KLGA,2026-03-06,5.5,2.5
KLGA,2026-03-07,8.7,2.2
KLGA,2026-03-08,19.9,9.0
KLGA,2026-03-09,20.5,5.0
KLGA,2026-03-10,23.5,7.2
KLGA,2026-03-11,19.5,11.0
KLGA,2026-03-12,16.4,1.6
KLGA,2026-03-13,4.7,-1.5
KLGA,2026-03-14,9.9,3.0
KLGA,2026-03-15,7.1,1.1
KLGA,2026-03-16,14.6,7.8
KLGA,2026-03-17,12.6,-0.2
KLGA,2026-03-18,2.2,-4.0
KLGA,2026-03-19,4.8,-2.0
KLGA,2026-03-20,11.4,0.6
KLGA,2026-03-21,13.9,5.8
KLGA,2026-03-22,15.4,4.7
KLGA,2026-03-23,9.6,1.6
KLGA,2026-03-24,8.2,-0.4
KLGA,2026-03-25,10.6,0.8
KLGA,2026-03-26,21.5,6.2
KLGA,2026-03-27,18.0,3.7
KLGA,2026-03-28,5.8,-1.6
KLGA,2026-03-29,10.9,-1.2
KLGA,2026-03-30,21.1,6.4
KLGA,2026-03-31,27.5,15.1
KMIA,2026-03-01,26.6,19.8
KMIA,2026-03-02,25.3,20.3
KMIA,2026-03-03,25.6,20.5
KMIA,2026-03-04,26.2,21.4
KMIA,2026-03-05,26.8,21.6
KMIA,2026-03-06,27.5,21.4
KMIA,2026-03-07,28.2,22.2
KMIA,2026-03-08,28.1,22.6
KMIA,2026-03-09,29.0,21.6
KMIA,2026-03-10,28.8,21.2
KMIA,2026-03-11,28.7,22.6
KMIA,2026-03-12,29.6,22.6
KMIA,2026-03-13,26.2,21.5
KMIA,2026-03-14,27.7,20.5
KMIA,2026-03-15,25.0,20.6
KMIA,2026-03-16,28.2,21.4
KMIA,2026-03-17,21.1,14.2
KMIA,2026-03-18,22.3,14.1
KMIA,2026-03-19,24.6,16.4
KMIA,2026-03-20,23.5,16.1
KMIA,2026-03-21,25.8,15.6
KMIA,2026-03-22,27.3,14.8
KMIA,2026-03-23,28.3,15.6
KMIA,2026-03-24,29.4,15.9
KMIA,2026-03-25,27.8,16.2
KMIA,2026-03-26,28.2,18.9
KMIA,2026-03-27,27.9,20.5
KMIA,2026-03-28,28.9,19.0
KMIA,2026-03-29,26.0,21.2
KMIA,2026-03-30,25.1,20.4
KMIA,2026-03-31,25.9,21.8
KORD,2026-03-01,-0.4,-3.5
KORD,2026-03-02,3.8,-4.8
KORD,2026-03-03,4.8,0.1
KORD,2026-03-04,5.6,-0.2
KORD,2026-03-05,10.3,3.0
KORD,2026-03-06,18.3,6.0
KORD,2026-03-07,17.1,4.1
KORD,2026-03-08,15.6,0.6
KORD,2026-03-09,20.9,8.3
KORD,2026-03-10,14.9,3.8
KORD,2026-03-11,5.1,0.7
KORD,2026-03-12,6.8,-1.7
KORD,2026-03-13,7.4,0.3
KORD,2026-03-14,1.5,-2.2
KORD,2026-03-15,15.6,0.2
KORD,2026-03-16,-0.1,-7.2
KORD,2026-03-17,-5.7,-12.1
KORD,2026-03-18,5.3,-6.0
KORD,2026-03-19,15.1,-0.2
KORD,2026-03-20,20.6,5.8
KORD,2026-03-21,20.0,4.1
KORD,2026-03-22,18.0,-0.1
KORD,2026-03-23,5.2,-1.3
KORD,2026-03-24,9.2,-2.5
KORD,2026-03-25,19.6,3.2
KORD,2026-03-26,19.4,0.8
KORD,2026-03-27,6.6,-0.8
KORD,2026-03-28,7.6,-3.8
KORD,2026-03-29,15.9,3.8
KORD,2026-03-30,25.9,9.1
KORD,2026-03-31,20.1,4.0
KSEA,2026-03-01,10.9,1.9
KSEA,2026-03-02,13.4,1.5
KSEA,2026-03-03,11.8,5.9
KSEA,2026-03-04,12.5,6.8
KSEA,2026-03-05,10.6,5.8
KSEA,2026-03-06,10.2,6.5
KSEA,2026-03-07,12.6,9.1
KSEA,2026-03-08,12.2,4.1
KSEA,2026-03-09,7.2,1.7
KSEA,2026-03-10,8.4,0.4
KSEA,2026-03-11,10.9,3.6
KSEA,2026-03-12,9.1,1.5
KSEA,2026-03-13,1.5,-0.2
KSEA,2026-03-14,5.8,-0.2
KSEA,2026-03-15,7.5,0.2
KSEA,2026-03-16,13.8,5.3
KSEA,2026-03-17,12.5,8.6
KSEA,2026-03-18,14.6,9.6
KSEA,2026-03-19,12.4,8.8
KSEA,2026-03-20,13.4,7.8
KSEA,2026-03-21,10.1,4.1
KSEA,2026-03-22,9.8,2.2
KSEA,2026-03-23,9.1,2.7
KSEA,2026-03-24,12.1,5.7
KSEA,2026-03-25,10.5,3.3
KSEA,2026-03-26,11.0,0.6
KSEA,2026-03-27,12.6,1.2
KSEA,2026-03-28,13.9,5.3
KSEA,2026-03-29,8.3,3.0
KSEA,2026-03-30,8.6,0.2
KSEA,2026-03-31,13.6,1.8
KSFO,2026-03-01,18.2,11.7
KSFO,2026-03-02,17.4,11.7
KSFO,2026-03-03,17.7,11.5
KSFO,2026-03-04,16.1,11.8
KSFO,2026-03-05,16.3,8.9
KSFO,2026-03-06,19.6,10.9
KSFO,2026-03-07,24.0,12.4
KSFO,2026-03-08,21.5,10.4
KSFO,2026-03-09,18.1,9.6
KSFO,2026-03-10,15.2,9.1
KSFO,2026-03-11,22.3,6.8
KSFO,2026-03-12,21.7,9.3
KSFO,2026-03-13,20.2,9.4
KSFO,2026-03-14,20.0,10.2
KSFO,2026-03-15,25.3,9.2
KSFO,2026-03-16,28.7,12.7
KSFO,2026-03-17,30.1,12.9
KSFO,2026-03-18,29.2,13.1
KSFO,2026-03-19,29.5,10.2
KSFO,2026-03-20,31.0,14.7
KSFO,2026-03-21,22.6,12.0
KSFO,2026-03-22,20.5,9.2
KSFO,2026-03-23,21.9,9.9
KSFO,2026-03-24,24.1,10.6
KSFO,2026-03-25,18.8,10.9
KSFO,2026-03-26,22.4,8.4
KSFO,2026-03-27,26.8,11.5
KSFO,2026-03-28,24.9,8.5
KSFO,2026-03-29,29.1,11.2
KSFO,2026-03-30,24.3,12.7
KSFO,2026-03-31,19.8,12.9
LEMD,2026-03-01,14.6,6.2
LEMD,2026-03-02,16.6,4.1
LEMD,2026-03-03,16.9,8.9
LEMD,2026-03-04,17.5,7.1
LEMD,2026-03-05,16.8,7.4
LEMD,2026-03-06,11.1,8.2
LEMD,2026-03-07,11.1,6.9
LEMD,2026-03-08,12.4,5.2
LEMD,2026-03-09,11.8,4.2
LEMD,2026-03-10,12.6,4.3
LEMD,2026-03-11,16.0,4.0
LEMD,2026-03-12,17.0,3.5
LEMD,2026-03-13,18.0,4.0
LEMD,2026-03-14,12.6,9.8
LEMD,2026-03-15,13.9,7.1
LEMD,2026-03-16,18.6,3.0
LEMD,2026-03-17,21.0,3.5
LEMD,2026-03-18,18.2,5.0
LEMD,2026-03-19,18.5,5.4
LEMD,2026-03-20,12.9,7.2
LEMD,2026-03-21,11.1,7.9
LEMD,2026-03-22,17.9,3.3
LEMD,2026-03-23,16.4,5.5
LEMD,2026-03-24,17.8,3.5
LEMD,2026-03-25,21.8,4.0
LEMD,2026-03-26,17.1,5.5
LEMD,2026-03-27,18.7,3.8
LEMD,2026-03-28,17.4,4.4
LEMD,2026-03-29,12.9,4.2
LEMD,2026-03-30,19.4,1.6
LEMD,2026-03-31,20.4,10.4
LFPB,2026-03-01,12.2,3.8
LFPB,2026-03-02,16.4,5.4
LFPB,2026-03-03,16.9,5.2
LFPB,2026-03-04,17.5,6.1
LFPB,2026-03-05,17.2,5.9
LFPB,2026-03-06,17.0,7.3
LFPB,2026-03-07,17.5,8.4
LFPB,2026-03-08,16.2,6.0
LFPB,2026-03-09,16.6,6.7
LFPB,2026-03-10,15.1,9.1
LFPB,2026-03-11,12.6,7.6
LFPB,2026-03-12,12.4,3.8
LFPB,2026-03-13,11.6,5.9
LFPB,2026-03-14,9.0,2.0
LFPB,2026-03-15,11.8,0.1
LFPB,2026-03-16,11.4,7.0
LFPB,2026-03-17,15.6,5.3
LFPB,2026-03-18,14.6,7.1
LFPB,2026-03-19,16.0,5.8
LFPB,2026-03-20,16.2,4.3
LFPB,2026-03-21,16.0,5.6
LFPB,2026-03-22,14.4,4.3
LFPB,2026-03-23,15.6,4.2
LFPB,2026-03-24,16.9,4.8
LFPB,2026-03-25,11.5,4.0
LFPB,2026-03-26,8.9,2.0
LFPB,2026-03-27,10.1,0.3
LFPB,2026-03-28,10.2,4.8
LFPB,2026-03-29,10.8,2.2
LFPB,2026-03-30,12.0,7.1
LFPB,2026-03-31,10.8,5.2
LIMC,2026-03-01,12.2,6.8
LIMC,2026-03-02,12.4,7.4
LIMC,2026-03-03,14.4,6.7
LIMC,2026-03-04,14.6,6.4
LIMC,2026-03-05,13.0,6.4
LIMC,2026-03-06,14.8,5.4
LIMC,2026-03-07,16.3,3.6
LIMC,2026-03-08,16.3,4.0
LIMC,2026-03-09,14.5,7.3
LIMC,2026-03-10,11.0,7.2
LIMC,2026-03-11,13.6,6.1
LIMC,2026-03-12,16.7,7.6
LIMC,2026-03-13,16.2,5.7
LIMC,2026-03-14,10.6,5.5
LIMC,2026-03-15,13.6,3.6
LIMC,2026-03-16,18.9,7.0
LIMC,2026-03-17,15.9,7.6
LIMC,2026-03-18,13.4,7.2
LIMC,2026-03-19,16.8,5.4
LIMC,2026-03-20,14.9,5.0
LIMC,2026-03-21,14.9,6.2
LIMC,2026-03-22,12.6,6.1
LIMC,2026-03-23,15.9,4.2
LIMC,2026-03-24,16.7,5.1
LIMC,2026-03-25,17.2,5.2
LIMC,2026-03-26,11.4,6.7
LIMC,2026-03-27,13.2,5.8
LIMC,2026-03-28,17.1,4.1
LIMC,2026-03-29,15.9,9.2
LIMC,2026-03-30,17.0,6.4
LIMC,2026-03-31,13.1,7.7
LLBG,2026-03-01,17.2,6.2
LLBG,2026-03-02,19.4,4.8
LLBG,2026-03-03,20.1,7.3
LLBG,2026-03-04,18.6,8.2
LLBG,2026-03-05,20.0,10.2
LLBG,2026-03-06,18.9,7.4
LLBG,2026-03-07,18.2,9.1
LLBG,2026-03-08,18.0,7.4
LLBG,2026-03-09,18.9,6.6
LLBG,2026-03-10,21.6,5.6
LLBG,2026-03-11,22.6,7.8
LLBG,2026-03-12,21.6,11.1
LLBG,2026-03-13,22.1,9.5
LLBG,2026-03-14,28.5,16.8
LLBG,2026-03-15,18.4,14.1
LLBG,2026-03-16,19.2,12.0
LLBG,2026-03-17,22.6,8.6
LLBG,2026-03-18,30.2,10.4
LLBG,2026-03-19,21.6,15.2
LLBG,2026-03-20,20.7,13.1
LLBG,2026-03-21,18.1,11.5
LLBG,2026-03-22,17.2,10.0
LLBG,2026-03-23,20.0,10.3
LLBG,2026-03-24,18.8,8.2
LLBG,2026-03-25,18.5,9.4
LLBG,2026-03-26,16.5,10.4
LLBG,2026-03-27,18.1,11.6
LLBG,2026-03-28,22.9,10.8
LLBG,2026-03-29,19.5,13.6
LLBG,2026-03-30,18.7,12.4
LLBG,2026-03-31,20.2,12.2
LTAC,2026-03-01,7.8,-1.9
LTAC,2026-03-02,11.2,-2.3
LTAC,2026-03-03,10.1,-0.4
LTAC,2026-03-04,8.9,-1.4
LTAC,2026-03-05,9.7,-1.7
LTAC,2026-03-06,9.8,-0.5
LTAC,2026-03-07,6.4,-3.1
LTAC,2026-03-08,6.9,-4.5
LTAC,2026-03-09,7.3,-3.8
LTAC,2026-03-10,9.8,-1.6
LTAC,2026-03-11,14.1,-2.9
LTAC,2026-03-12,12.0,-1.7
LTAC,2026-03-13,12.5,-0.4
LTAC,2026-03-14,12.5,-1.7
LTAC,2026-03-15,13.7,1.1
LTAC,2026-03-16,12.6,2.1
LTAC,2026-03-17,14.0,0.2
LTAC,2026-03-18,15.6,3.1
LTAC,2026-03-19,10.3,6.3
LTAC,2026-03-20,8.1,4.3
LTAC,2026-03-21,11.3,3.6
LTAC,2026-03-22,11.1,2.8
LTAC,2026-03-23,11.2,2.4
LTAC,2026-03-24,10.7,2.2
LTAC,2026-03-25,11.2,4.8
LTAC,2026-03-26,11.3,4.2
LTAC,2026-03-27,14.4,1.1
LTAC,2026-03-28,15.8,4.1
LTAC,2026-03-29,10.3,4.1
LTAC,2026-03-30,7.5,3.4
LTAC,2026-03-31,11.7,4.2
LTFM,2026-03-01,7.9,4.1
LTFM,2026-03-02,11.1,2.4
LTFM,2026-03-03,7.6,2.8
LTFM,2026-03-04,12.7,1.3
LTFM,2026-03-05,13.6,3.0
LTFM,2026-03-06,12.1,4.9
LTFM,2026-03-07,10.1,2.5
LTFM,2026-03-08,8.6,1.5
LTFM,2026-03-09,9.1,5.7
LTFM,2026-03-10,11.9,4.7
LTFM,2026-03-11,11.4,4.3
LTFM,2026-03-12,9.6,5.7
LTFM,2026-03-13,9.7,5.1
LTFM,2026-03-14,9.1,4.7
LTFM,2026-03-15,10.2,6.7
LTFM,2026-03-16,9.8,4.8
LTFM,2026-03-17,10.1,3.5
LTFM,2026-03-18,8.6,6.5
LTFM,2026-03-19,8.8,6.0
LTFM,2026-03-20,6.0,4.9
LTFM,2026-03-21,8.0,5.5
LTFM,2026-03-22,8.9,7.5
LTFM,2026-03-23,8.2,6.8
LTFM,2026-03-24,11.5,7.1
LTFM,2026-03-25,11.4,5.5
LTFM,2026-03-26,13.1,5.2
LTFM,2026-03-27,18.9,4.1
LTFM,2026-03-28,12.1,8.1
LTFM,2026-03-29,9.8,8.3
LTFM,2026-03-30,11.1,7.9
LTFM,2026-03-31,16.6,8.8
MMMX,2026-03-01,25.9,11.6
MMMX,2026-03-02,25.6,10.5
MMMX,2026-03-03,26.6,10.9
MMMX,2026-03-04,25.0,11.7
MMMX,2026-03-05,23.0,12.2
MMMX,2026-03-06,23.3,10.8
MMMX,2026-03-07,24.6,10.4
MMMX,2026-03-08,25.5,12.0
MMMX,2026-03-09,25.9,13.6
MMMX,2026-03-10,25.8,12.7
MMMX,2026-03-11,26.4,12.9
MMMX,2026-03-12,23.1,13.3
MMMX,2026-03-13,23.5,9.9
MMMX,2026-03-14,24.3,12.5
MMMX,2026-03-15,25.5,12.1
MMMX,2026-03-16,23.7,12.3
MMMX,2026-03-17,21.1,11.1
MMMX,2026-03-18,22.0,8.3
MMMX,2026-03-19,23.4,7.7
MMMX,2026-03-20,23.4,8.1
MMMX,2026-03-21,22.0,8.4
MMMX,2026-03-22,23.0,9.7
MMMX,2026-03-23,23.6,11.1
MMMX,2026-03-24,23.0,11.1
MMMX,2026-03-25,24.5,9.9
MMMX,2026-03-26,24.9,9.7
MMMX,2026-03-27,24.8,10.8
MMMX,2026-03-28,22.0,10.1
MMMX,2026-03-29,22.5,10.1
MMMX,2026-03-30,20.1,11.1
MMMX,2026-03-31,20.4,9.4
MPMG,2026-03-01,32.0,24.5
MPMG,2026-03-02,32.0,24.5
MPMG,2026-03-03,31.9,24.1
MPMG,2026-03-04,32.0,24.3
MPMG,2026-03-05,30.9,23.7
MPMG,2026-03-06,32.2,24.1
MPMG,2026-03-07,31.6,23.6
MPMG,2026-03-08,32.3,24.0
MPMG,2026-03-09,31.7,23.5
MPMG,2026-03-10,32.0,24.3
MPMG,2026-03-11,32.8,23.9
MPMG,2026-03-12,32.0,23.4
MPMG,2026-03-13,31.6,23.2
MPMG,2026-03-14,32.2,23.2
MPMG,2026-03-15,31.6,23.2
MPMG,2026-03-16,31.9,23.0
MPMG,2026-03-17,32.2,23.4
MPMG,2026-03-18,31.5,24.1
MPMG,2026-03-19,32.0,23.6
MPMG,2026-03-20,29.9,23.9
MPMG,2026-03-21,31.7,24.0
MPMG,2026-03-22,32.3,23.5
MPMG,2026-03-23,31.0,23.5
MPMG,2026-03-24,31.9,23.8
MPMG,2026-03-25,31.6,23.7
MPMG,2026-03-26,32.8,24.2
MPMG,2026-03-27,32.8,24.7
MPMG,2026-03-28,31.5,24.1
MPMG,2026-03-29,32.3,24.5
MPMG,2026-03-30,32.7,24.7
MPMG,2026-03-31,31.1,24.2
NZWN,2026-03-01,18.5,10.6
NZWN,2026-03-02,11.5,9.7
NZWN,2026-03-03,13.2,9.3
NZWN,2026-03-04,16.0,12.1
NZWN,2026-03-05,17.8,12.4
NZWN,2026-03-06,18.3,15.3
NZWN,2026-03-07,19.1,15.3
NZWN,2026-03-08,18.8,16.3
NZWN,2026-03-09,16.4,13.3
NZWN,2026-03-10,15.0,11.8
NZWN,2026-03-11,18.4,10.7
NZWN,2026-03-12,19.0,10.9
NZWN,2026-03-13,22.3,16.2
NZWN,2026-03-14,16.6,12.6
NZWN,2026-03-15,18.4,12.9
NZWN,2026-03-16,19.3,13.9
NZWN,2026-03-17,18.9,14.7
NZWN,2026-03-18,19.4,15.1
NZWN,2026-03-19,17.1,14.4
NZWN,2026-03-20,15.6,13.6
NZWN,2026-03-21,16.0,11.7
NZWN,2026-03-22,19.2,9.6
NZWN,2026-03-23,20.3,10.5
NZWN,2026-03-24,19.8,13.8
NZWN,2026-03-25,16.9,14.9
NZWN,2026-03-26,19.7,15.3
NZWN,2026-03-27,21.8,15.7
NZWN,2026-03-28,20.4,17.0
NZWN,2026-03-29,18.4,16.9
NZWN,2026-03-30,20.0,16.0
NZWN,2026-03-31,17.0,12.6
OEJN,2026-03-01,27.4,18.2
OEJN,2026-03-02,27.0,17.5
OEJN,2026-03-03,26.5,17.0
OEJN,2026-03-04,31.6,17.2
OEJN,2026-03-05,34.0,19.5
OEJN,2026-03-06,31.0,21.9
OEJN,2026-03-07,29.4,21.9
OEJN,2026-03-08,29.8,18.2
OEJN,2026-03-09,27.9,18.2
OEJN,2026-03-10,28.8,17.8
OEJN,2026-03-11,30.4,20.5
OEJN,2026-03-12,30.6,22.7
OEJN,2026-03-13,33.2,18.1
OEJN,2026-03-14,34.2,22.5
OEJN,2026-03-15,36.8,25.9
OEJN,2026-03-16,32.0,23.0
OEJN,2026-03-17,31.3,21.7
OEJN,2026-03-18,39.8,24.2
OEJN,2026-03-19,31.0,24.1
OEJN,2026-03-20,29.4,20.8
OEJN,2026-03-21,31.0,18.8
OEJN,2026-03-22,33.0,17.8
OEJN,2026-03-23,33.5,22.6
OEJN,2026-03-24,30.6,24.8
OEJN,2026-03-25,35.1,24.1
OEJN,2026-03-26,27.8,18.6
OEJN,2026-03-27,26.0,16.3
OEJN,2026-03-28,29.0,17.2
OEJN,2026-03-29,31.0,17.2
OEJN,2026-03-30,34.2,18.4
OEJN,2026-03-31,34.5,21.2
OPKC,2026-03-01,30.4,20.7
OPKC,2026-03-02,32.2,19.3
OPKC,2026-03-03,33.0,19.0
OPKC,2026-03-04,31.0,19.0
OPKC,2026-03-05,30.5,19.5
OPKC,2026-03-06,32.0,21.5
OPKC,2026-03-07,32.6,20.2
OPKC,2026-03-08,31.7,20.2
OPKC,2026-03-09,35.0,20.4
OPKC,2026-03-10,35.0,20.5
OPKC,2026-03-11,33.0,19.8
OPKC,2026-03-12,37.2,21.4
OPKC,2026-03-13,35.5,19.6
OPKC,2026-03-14,35.5,21.1
OPKC,2026-03-15,36.9,21.1
OPKC,2026-03-16,36.5,22.0
OPKC,2026-03-17,31.5,21.8
OPKC,2026-03-18,31.5,22.1
OPKC,2026-03-19,26.3,19.5
OPKC,2026-03-20,27.9,17.7
OPKC,2026-03-21,28.5,21.5
OPKC,2026-03-22,29.6,21.4
OPKC,2026-03-23,32.8,22.0
OPKC,2026-03-24,31.5,22.8
OPKC,2026-03-25,32.0,23.3
OPKC,2026-03-26,32.4,23.7
OPKC,2026-03-27,32.9,23.1
OPKC,2026-03-28,32.0,24.1
OPKC,2026-03-29,30.8,23.8
OPKC,2026-03-30,30.0,22.6
OPKC,2026-03-31,28.5,21.8
RCSS,2026-03-01,27.4,18.6
RCSS,2026-03-02,26.4,18.0
RCSS,2026-03-03,18.1,15.2
RCSS,2026-03-04,18.5,14.9
RCSS,2026-03-05,23.8,17.0
RCSS,2026-03-06,18.0,14.6
RCSS,2026-03-07,17.2,14.5
RCSS,2026-03-08,20.0,15.2
RCSS,2026-03-09,17.0,13.2
RCSS,2026-03-10,14.4,12.1
RCSS,2026-03-11,19.0,11.8
RCSS,2026-03-12,19.0,11.7
RCSS,2026-03-13,17.7,10.9
RCSS,2026-03-14,21.3,11.6
RCSS,2026-03-15,24.8,12.4
RCSS,2026-03-16,25.5,15.2
RCSS,2026-03-17,26.0,15.8
RCSS,2026-03-18,26.4,14.6
RCSS,2026-03-19,21.4,16.8
RCSS,2026-03-20,23.6,17.2
RCSS,2026-03-21,21.0,16.8
RCSS,2026-03-22,28.0,16.9
RCSS,2026-03-23,28.0,17.8
RCSS,2026-03-24,26.6,18.8
RCSS,2026-03-25,25.4,17.2
RCSS,2026-03-26,27.8,16.5
RCSS,2026-03-27,24.8,18.6
RCSS,2026-03-28,23.5,19.1
RCSS,2026-03-29,22.8,18.4
RCSS,2026-03-30,29.0,17.3
RCSS,2026-03-31,29.8,19.6
RJTT,2026-03-01,15.7,7.3
RJTT,2026-03-02,13.1,8.8
RJTT,2026-03-03,10.6,4.7
RJTT,2026-03-04,13.8,4.7
RJTT,2026-03-05,15.3,5.8
RJTT,2026-03-06,13.6,4.1
RJTT,2026-03-07,15.2,7.0
RJTT,2026-03-08,10.8,3.6
RJTT,2026-03-09,11.7,2.7
RJTT,2026-03-10,8.1,2.1
RJTT,2026-03-11,9.8,1.4
RJTT,2026-03-12,11.0,3.7
RJTT,2026-03-13,9.9,3.1
RJTT,2026-03-14,15.1,5.2
RJTT,2026-03-15,14.2,4.9
RJTT,2026-03-16,12.8,7.0
RJTT,2026-03-17,13.2,7.9
RJTT,2026-03-18,16.0,7.9
RJTT,2026-03-19,17.9,10.8
RJTT,2026-03-20,11.2,7.6
RJTT,2026-03-21,14.2,4.0
RJTT,2026-03-22,14.4,4.1
RJTT,2026-03-23,14.5,9.4
RJTT,2026-03-24,15.9,8.3
RJTT,2026-03-25,12.8,9.8
RJTT,2026-03-26,13.2,10.6
RJTT,2026-03-27,16.3,9.5
RJTT,2026-03-28,17.1,9.7
RJTT,2026-03-29,18.4,10.2
RJTT,2026-03-30,18.2,11.6
RJTT,2026-03-31,19.4,15.8
RKPK,2026-03-01,11.2,6.7
RKPK,2026-03-02,7.9,6.7
RKPK,2026-03-03,10.6,3.4
RKPK,2026-03-04,13.2,0.2
RKPK,2026-03-05,13.3,1.1
RKPK,2026-03-06,12.1,2.0
RKPK,2026-03-07,8.4,-2.0
RKPK,2026-03-08,9.8,-4.2
RKPK,2026-03-09,10.5,0.2
RKPK,2026-03-10,10.3,-2.9
RKPK,2026-03-11,12.6,-1.3
RKPK,2026-03-12,12.1,-0.9
RKPK,2026-03-13,9.6,1.1
RKPK,2026-03-14,12.6,-2.0
RKPK,2026-03-15,14.6,1.1
RKPK,2026-03-16,13.6,2.5
RKPK,2026-03-17,14.9,1.5
RKPK,2026-03-18,10.2,6.4
RKPK,2026-03-19,15.6,3.5
RKPK,2026-03-20,16.5,3.3
RKPK,2026-03-21,16.2,1.0
RKPK,2026-03-22,16.5,3.8
RKPK,2026-03-23,19.1,3.2
RKPK,2026-03-24,16.0,4.2
RKPK,2026-03-25,13.8,6.8
RKPK,2026-03-26,21.4,4.7
RKPK,2026-03-27,22.4,4.9
RKPK,2026-03-28,21.2,9.4
RKPK,2026-03-29,20.0,5.3
RKPK,2026-03-30,21.1,7.8
RKPK,2026-03-31,18.0,11.1
RKSI,2026-03-01,12.7,4.4
RKSI,2026-03-02,6.2,1.3
RKSI,2026-03-03,10.8,1.1
RKSI,2026-03-04,10.2,-1.2
RKSI,2026-03-05,10.9,-1.9
RKSI,2026-03-06,4.3,-1.6
RKSI,2026-03-07,4.7,-3.8
RKSI,2026-03-08,4.5,-4.6
RKSI,2026-03-09,7.4,-0.2
RKSI,2026-03-10,6.6,-3.3
RKSI,2026-03-11,7.7,-1.8
RKSI,2026-03-12,12.6,-1.5
RKSI,2026-03-13,12.3,-1.1
RKSI,2026-03-14,11.3,2.1
RKSI,2026-03-15,10.0,2.2
RKSI,2026-03-16,11.5,-1.1
RKSI,2026-03-17,12.7,-1.5
RKSI,2026-03-18,9.3,2.5
RKSI,2026-03-19,9.9,-0.7
RKSI,2026-03-20,11.2,0.4
RKSI,2026-03-21,10.7,-0.9
RKSI,2026-03-22,16.2,0.9
RKSI,2026-03-23,17.2,1.4
RKSI,2026-03-24,16.3,4.6
RKSI,2026-03-25,16.7,4.8
RKSI,2026-03-26,16.8,4.3
RKSI,2026-03-27,15.5,4.1
RKSI,2026-03-28,18.0,2.5
RKSI,2026-03-29,18.5,3.6
RKSI,2026-03-30,19.2,8.9
RKSI,2026-03-31,20.1,9.4
RPLL,2026-03-01,33.1,24.1
RPLL,2026-03-02,32.6,26.2
RPLL,2026-03-03,33.7,25.3
RPLL,2026-03-04,34.1,23.0
RPLL,2026-03-05,33.0,25.2
RPLL,2026-03-06,32.8,25.4
RPLL,2026-03-07,33.6,25.6
RPLL,2026-03-08,32.3,25.3
RPLL,2026-03-09,32.0,24.3
RPLL,2026-03-10,31.7,24.5
RPLL,2026-03-11,31.6,23.1
RPLL,2026-03-12,31.1,23.1
RPLL,2026-03-13,29.9,23.4
RPLL,2026-03-14,29.5,21.6
RPLL,2026-03-15,29.6,20.8
RPLL,2026-03-16,30.1,21.8
RPLL,2026-03-17,31.2,22.3
RPLL,2026-03-18,31.1,23.9
RPLL,2026-03-19,32.2,24.3
RPLL,2026-03-20,31.9,23.7
RPLL,2026-03-21,33.0,23.6
RPLL,2026-03-22,31.9,23.8
RPLL,2026-03-23,32.7,23.1
RPLL,2026-03-24,32.6,22.3
RPLL,2026-03-25,32.3,24.9
RPLL,2026-03-26,33.2,25.9
RPLL,2026-03-27,31.7,24.1
RPLL,2026-03-28,32.7,24.7
RPLL,2026-03-29,32.9,25.2
RPLL,2026-03-30,33.7,25.1
RPLL,2026-03-31,34.0,25.5
SAEZ,2026-03-01,30.4,19.8
SAEZ,2026-03-02,30.7,20.0
SAEZ,2026-03-03,26.2,19.9
SAEZ,2026-03-04,31.1,17.0
SAEZ,2026-03-05,27.5,17.9
SAEZ,2026-03-06,25.0,19.8
SAEZ,2026-03-07,25.9,17.9
SAEZ,2026-03-08,25.7,16.1
SAEZ,2026-03-09,25.5,17.5
SAEZ,2026-03-10,26.2,16.9
SAEZ,2026-03-11,27.0,16.8
SAEZ,2026-03-12,27.0,17.9
SAEZ,2026-03-13,26.8,17.5
SAEZ,2026-03-14,27.1,18.4
SAEZ,2026-03-15,32.0,17.8
SAEZ,2026-03-16,34.4,23.0
SAEZ,2026-03-17,29.5,17.8
SAEZ,2026-03-18,25.5,14.7
SAEZ,2026-03-19,26.0,14.8
SAEZ,2026-03-20,27.4,18.9
SAEZ,2026-03-21,22.3,14.8
SAEZ,2026-03-22,23.9,11.4
SAEZ,2026-03-23,22.9,13.9
SAEZ,2026-03-24,24.5,9.5
SAEZ,2026-03-25,25.0,10.6
SAEZ,2026-03-26,26.0,12.2
SAEZ,2026-03-27,25.4,18.5
SAEZ,2026-03-28,25.5,20.3
SAEZ,2026-03-29,26.5,20.2
SAEZ,2026-03-30,28.7,20.8
SAEZ,2026-03-31,30.4,21.8
SBGR,2026-03-01,22.6,14.9
SBGR,2026-03-02,24.2,13.9
SBGR,2026-03-03,26.2,15.6
SBGR,2026-03-04,28.0,16.2
SBGR,2026-03-05,29.3,17.5
SBGR,2026-03-06,29.5,19.8
SBGR,2026-03-07,27.1,19.5
SBGR,2026-03-08,27.4,18.4
SBGR,2026-03-09,21.5,17.9
SBGR,2026-03-10,20.5,17.9
SBGR,2026-03-11,21.5,18.5
SBGR,2026-03-12,21.5,18.7
SBGR,2026-03-13,24.4,17.4
SBGR,2026-03-14,27.5,15.6
SBGR,2026-03-15,28.1,16.9
SBGR,2026-03-16,30.5,17.0
SBGR,2026-03-17,30.8,16.6
SBGR,2026-03-18,29.1,17.9
SBGR,2026-03-19,24.9,19.0
SBGR,2026-03-20,26.0,17.5
SBGR,2026-03-21,29.2,18.2
SBGR,2026-03-22,29.6,16.6
SBGR,2026-03-23,28.3,16.8
SBGR,2026-03-24,30.4,16.8
SBGR,2026-03-25,29.2,18.7
SBGR,2026-03-26,29.6,18.8
SBGR,2026-03-27,29.3,18.5
SBGR,2026-03-28,29.0,17.4
SBGR,2026-03-29,30.0,18.0
SBGR,2026-03-30,29.0,16.4
SBGR,2026-03-31,24.5,17.9
UUWW,2026-03-01,3.3,1.0
UUWW,2026-03-02,3.0,-0.1
UUWW,2026-03-03,1.1,-1.1
UUWW,2026-03-04,0.7,-2.9
UUWW,2026-03-05,2.1,-3.0
UUWW,2026-03-06,0.4,-8.9
UUWW,2026-03-07,2.5,-4.9
UUWW,2026-03-08,3.0,-4.2
UUWW,2026-03-09,3.8,-6.2
UUWW,2026-03-10,8.1,1.0
UUWW,2026-03-11,9.7,-0.9
UUWW,2026-03-12,10.8,1.2
UUWW,2026-03-13,11.0,1.1
UUWW,2026-03-14,9.9,-0.2
UUWW,2026-03-15,8.6,-3.0
UUWW,2026-03-16,7.4,-4.0
UUWW,2026-03-17,7.3,-3.0
UUWW,2026-03-18,8.4,-1.8
UUWW,2026-03-19,7.7,-4.8
UUWW,2026-03-20,8.1,-3.5
UUWW,2026-03-21,7.2,-1.4
UUWW,2026-03-22,9.8,-2.7
UUWW,2026-03-23,10.9,-2.8
UUWW,2026-03-24,11.2,-1.9
UUWW,2026-03-25,11.7,-0.1
UUWW,2026-03-26,11.0,-1.1
UUWW,2026-03-27,13.6,0.3
UUWW,2026-03-28,13.1,4.6
UUWW,2026-03-29,15.4,3.8
UUWW,2026-03-30,15.6,3.5
UUWW,2026-03-31,15.4,4.0
VILK,2026-03-01,31.1,15.9
VILK,2026-03-02,30.9,16.3
VILK,2026-03-03,31.0,16.7
VILK,2026-03-04,31.2,15.6
VILK,2026-03-05,31.6,16.2
VILK,2026-03-06,32.0,18.4
VILK,2026-03-07,32.2,18.9
VILK,2026-03-08,32.7,19.7
VILK,2026-03-09,34.1,20.0
VILK,2026-03-10,33.2,21.6
VILK,2026-03-11,34.7,20.6
VILK,2026-03-12,35.8,20.4
VILK,2026-03-13,35.4,18.6
VILK,2026-03-14,34.7,19.4
VILK,2026-03-15,32.8,21.0
VILK,2026-03-16,31.1,19.4
VILK,2026-03-17,34.4,19.5
VILK,2026-03-18,32.8,19.6
VILK,2026-03-19,33.8,20.5
VILK,2026-03-20,26.9,17.6
VILK,2026-03-21,24.9,16.6
VILK,2026-03-22,28.5,17.0
VILK,2026-03-23,30.0,17.5
VILK,2026-03-24,30.7,17.4
VILK,2026-03-25,32.3,18.3
VILK,2026-03-26,35.2,17.9
VILK,2026-03-27,31.9,22.0
VILK,2026-03-28,33.5,20.0
VILK,2026-03-29,35.0,20.2
VILK,2026-03-30,36.7,22.0
VILK,2026-03-31,35.6,24.5
WIHH,2026-03-01,32.0,24.8
WIHH,2026-03-02,29.7,24.5
WIHH,2026-03-03,30.4,23.8
WIHH,2026-03-04,30.0,24.3
WIHH,2026-03-05,29.1,24.5
WIHH,2026-03-06,28.2,24.1
WIHH,2026-03-07,29.9,23.0
WIHH,2026-03-08,28.4,22.8
WIHH,2026-03-09,30.9,23.0
WIHH,2026-03-10,31.3,24.4
WIHH,2026-03-11,32.0,23.6
WIHH,2026-03-12,33.1,23.4
WIHH,2026-03-13,33.5,23.2
WIHH,2026-03-14,34.2,23.1
WIHH,2026-03-15,34.0,23.1
WIHH,2026-03-16,34.7,23.6
WIHH,2026-03-17,33.2,24.5
WIHH,2026-03-18,35.2,24.5
WIHH,2026-03-19,35.0,24.4
WIHH,2026-03-20,35.7,24.8
WIHH,2026-03-21,33.8,23.9
WIHH,2026-03-22,33.6,23.5
WIHH,2026-03-23,35.0,24.0
WIHH,2026-03-24,31.9,24.0
WIHH,2026-03-25,33.5,24.8
WIHH,2026-03-26,31.0,23.6
WIHH,2026-03-27,30.5,24.0
WIHH,2026-03-28,29.4,23.9
WIHH,2026-03-29,32.0,24.2
WIHH,2026-03-30,31.5,23.7
WIHH,2026-03-31,31.0,23.6
WMKK,2026-03-01,33.0,23.9
WMKK,2026-03-02,31.9,23.4
WMKK,2026-03-03,33.3,23.1
WMKK,2026-03-04,32.2,23.0
WMKK,2026-03-05,32.0,24.4
WMKK,2026-03-06,32.8,22.9
WMKK,2026-03-07,32.7,23.0
WMKK,2026-03-08,34.0,22.8
WMKK,2026-03-09,33.4,23.5
WMKK,2026-03-10,33.0,24.0
WMKK,2026-03-11,34.1,22.1
WMKK,2026-03-12,34.2,24.6
WMKK,2026-03-13,34.9,24.1
WMKK,2026-03-14,31.7,24.6
WMKK,2026-03-15,31.2,23.4
WMKK,2026-03-16,32.3,22.8
WMKK,2026-03-17,34.3,23.4
WMKK,2026-03-18,34.5,23.8
WMKK,2026-03-19,34.3,23.4
WMKK,2026-03-20,34.0,23.0
WMKK,2026-03-21,33.0,22.5
WMKK,2026-03-22,33.7,23.0
WMKK,2026-03-23,33.0,23.6
WMKK,2026-03-24,33.2,23.5
WMKK,2026-03-25,33.4,23.6
WMKK,2026-03-26,33.9,23.6
WMKK,2026-03-27,33.7,24.0
WMKK,2026-03-28,34.2,23.9
WMKK,2026-03-29,32.0,23.5
WMKK,2026-03-30,33.0,23.9
WMKK,2026-03-31,32.4,24.6
WSSS,2026-03-01,31.4,25.2
WSSS,2026-03-02,31.8,24.9
WSSS,2026-03-03,31.5,24.0
WSSS,2026-03-04,30.3,23.9
WSSS,2026-03-05,31.4,24.5
WSSS,2026-03-06,31.7,24.3
WSSS,2026-03-07,31.0,24.8
WSSS,2026-03-08,31.7,25.6
WSSS,2026-03-09,31.8,25.2
WSSS,2026-03-10,32.2,24.7
WSSS,2026-03-11,32.6,24.3
WSSS,2026-03-12,31.6,24.9
WSSS,2026-03-13,30.9,25.4
WSSS,2026-03-14,30.9,25.5
WSSS,2026-03-15,30.7,24.6
WSSS,2026-03-16,32.1,25.2
WSSS,2026-03-17,32.2,25.9
WSSS,2026-03-18,31.9,25.8
WSSS,2026-03-19,32.9,25.7
WSSS,2026-03-20,33.0,25.3
WSSS,2026-03-21,33.7,26.1
WSSS,2026-03-22,33.0,25.3
WSSS,2026-03-23,32.9,24.9
WSSS,2026-03-24,32.8,24.9
WSSS,2026-03-25,33.7,25.5
WSSS,2026-03-26,32.5,25.4
WSSS,2026-03-27,31.8,25.5
WSSS,2026-03-28,31.7,25.8
WSSS,2026-03-29,31.8,25.2
WSSS,2026-03-30,31.9,25.2
WSSS,2026-03-31,30.3,26.0
ZBAA,2026-03-01,5.1,-1.0
ZBAA,2026-03-02,4.7,0.4
ZBAA,2026-03-03,9.9,1.5
ZBAA,2026-03-04,2.9,-1.5
ZBAA,2026-03-05,2.7,-2.2
ZBAA,2026-03-06,5.5,-4.2
ZBAA,2026-03-07,7.9,-3.8
ZBAA,2026-03-08,12.9,-2.0
ZBAA,2026-03-09,10.9,-3.1
ZBAA,2026-03-10,11.3,-0.2
ZBAA,2026-03-11,14.4,-1.1
ZBAA,2026-03-12,12.4,-0.8
ZBAA,2026-03-13,8.6,-0.6
ZBAA,2026-03-14,11.1,4.1
ZBAA,2026-03-15,14.9,-1.5
ZBAA,2026-03-16,13.7,1.9
ZBAA,2026-03-17,11.8,1.0
ZBAA,2026-03-18,11.4,0.6
ZBAA,2026-03-19,16.1,-2.9
ZBAA,2026-03-20,13.6,0.3
ZBAA,2026-03-21,15.1,-0.3
ZBAA,2026-03-22,21.9,3.7
ZBAA,2026-03-23,18.0,6.7
ZBAA,2026-03-24,19.5,4.9
ZBAA,2026-03-25,24.6,6.7
ZBAA,2026-03-26,25.1,8.1
ZBAA,2026-03-27,21.0,7.3
ZBAA,2026-03-28,20.6,5.8
ZBAA,2026-03-29,21.8,9.1
ZBAA,2026-03-30,16.8,7.2
ZBAA,2026-03-31,16.6,7.4
ZGGG,2026-03-01,25.8,19.0
ZGGG,2026-03-02,25.9,17.1
ZGGG,2026-03-03,17.0,14.1
ZGGG,2026-03-04,17.5,13.4
ZGGG,2026-03-05,23.8,13.8
ZGGG,2026-03-06,23.5,13.5
ZGGG,2026-03-07,24.0,13.2
ZGGG,2026-03-08,26.4,14.0
ZGGG,2026-03-09,23.9,16.0
ZGGG,2026-03-10,19.7,13.4
ZGGG,2026-03-11,22.4,14.4
ZGGG,2026-03-12,26.8,11.9
ZGGG,2026-03-13,24.8,12.6
ZGGG,2026-03-14,25.4,10.8
ZGGG,2026-03-15,26.1,13.4
ZGGG,2026-03-16,26.9,14.1
ZGGG,2026-03-17,25.9,15.2
ZGGG,2026-03-18,28.8,16.9
ZGGG,2026-03-19,28.8,18.0
ZGGG,2026-03-20,28.5,19.0
ZGGG,2026-03-21,24.5,19.5
ZGGG,2026-03-22,27.1,19.4
ZGGG,2026-03-23,28.2,19.4
ZGGG,2026-03-24,28.9,18.8
ZGGG,2026-03-25,30.1,20.8
ZGGG,2026-03-26,30.1,20.8
ZGGG,2026-03-27,29.0,21.5
ZGGG,2026-03-28,29.2,21.4
ZGGG,2026-03-29,29.4,20.8
ZGGG,2026-03-30,28.1,20.6
ZGGG,2026-03-31,29.0,18.8
ZGSZ,2026-03-01,26.0,19.1
ZGSZ,2026-03-02,28.3,21.1
ZGSZ,2026-03-03,21.4,15.1
ZGSZ,2026-03-04,18.4,13.5
ZGSZ,2026-03-05,24.5,15.0
ZGSZ,2026-03-06,24.1,14.5
ZGSZ,2026-03-07,24.2,15.1
ZGSZ,2026-03-08,25.7,14.2
ZGSZ,2026-03-09,24.3,16.7
ZGSZ,2026-03-10,18.5,14.7
ZGSZ,2026-03-11,21.3,14.7
ZGSZ,2026-03-12,26.7,13.7
ZGSZ,2026-03-13,22.8,14.0
ZGSZ,2026-03-14,24.3,12.5
ZGSZ,2026-03-15,25.9,14.8
ZGSZ,2026-03-16,26.6,15.5
ZGSZ,2026-03-17,26.4,17.1
ZGSZ,2026-03-18,27.1,18.1
ZGSZ,2026-03-19,28.0,18.4
ZGSZ,2026-03-20,28.5,19.9
ZGSZ,2026-03-21,26.6,20.2
ZGSZ,2026-03-22,28.6,19.0
ZGSZ,2026-03-23,28.1,19.3
ZGSZ,2026-03-24,28.7,20.8
ZGSZ,2026-03-25,30.5,21.0
ZGSZ,2026-03-26,27.6,22.4
ZGSZ,2026-03-27,29.1,22.6
ZGSZ,2026-03-28,28.8,22.4
ZGSZ,2026-03-29,30.1,21.4
ZGSZ,2026-03-30,28.4,22.2
ZGSZ,2026-03-31,27.9,22.0
ZHHH,2026-03-01,11.6,6.3
ZHHH,2026-03-02,9.4,4.7
ZHHH,2026-03-03,12.9,6.3
ZHHH,2026-03-04,13.8,5.7
ZHHH,2026-03-05,15.4,5.8
ZHHH,2026-03-06,14.4,5.3
ZHHH,2026-03-07,15.6,5.4
ZHHH,2026-03-08,14.7,5.2
ZHHH,2026-03-09,16.9,8.1
ZHHH,2026-03-10,18.0,6.2
ZHHH,2026-03-11,20.5,8.3
ZHHH,2026-03-12,20.5,9.1
ZHHH,2026-03-13,19.4,9.4
ZHHH,2026-03-14,21.9,8.7
ZHHH,2026-03-15,11.9,8.1
ZHHH,2026-03-16,10.5,8.1
ZHHH,2026-03-17,11.6,9.0
ZHHH,2026-03-18,14.6,8.2
ZHHH,2026-03-19,15.6,7.1
ZHHH,2026-03-20,14.1,8.9
ZHHH,2026-03-21,18.2,8.1
ZHHH,2026-03-22,19.2,11.9
ZHHH,2026-03-23,18.6,14.1
ZHHH,2026-03-24,18.0,12.1
ZHHH,2026-03-25,20.7,9.1
ZHHH,2026-03-26,18.2,13.8
ZHHH,2026-03-27,22.9,12.3
ZHHH,2026-03-28,22.4,13.2
ZHHH,2026-03-29,22.1,12.9
ZHHH,2026-03-30,18.8,13.0
ZHHH,2026-03-31,19.7,12.6
ZSPD,2026-03-01,12.7,10.6
ZSPD,2026-03-02,11.9,7.4
ZSPD,2026-03-03,9.4,6.8
ZSPD,2026-03-04,10.1,7.0
ZSPD,2026-03-05,11.4,8.2
ZSPD,2026-03-06,10.9,5.4
ZSPD,2026-03-07,9.4,4.8
ZSPD,2026-03-08,9.8,5.2
ZSPD,2026-03-09,11.1,4.9
ZSPD,2026-03-10,9.8,3.0
ZSPD,2026-03-11,12.6,5.2
ZSPD,2026-03-12,13.1,6.2
ZSPD,2026-03-13,12.9,5.3
ZSPD,2026-03-14,15.4,7.6
ZSPD,2026-03-15,15.1,9.2
ZSPD,2026-03-16,12.4,9.2
ZSPD,2026-03-17,12.9,9.0
ZSPD,2026-03-18,13.6,7.7
ZSPD,2026-03-19,12.3,6.9
ZSPD,2026-03-20,13.2,6.5
ZSPD,2026-03-21,13.2,5.6
ZSPD,2026-03-22,16.5,9.2
ZSPD,2026-03-23,14.6,10.9
ZSPD,2026-03-24,13.4,10.2
ZSPD,2026-03-25,15.8,9.7
ZSPD,2026-03-26,15.8,8.4
ZSPD,2026-03-27,16.1,10.6
ZSPD,2026-03-28,19.5,7.6
ZSPD,2026-03-29,20.4,12.4
ZSPD,2026-03-30,22.4,13.4
ZSPD,2026-03-31,17.4,10.9
ZSQD,2026-03-01,6.6,4.4
ZSQD,2026-03-02,8.0,2.7
ZSQD,2026-03-03,7.8,1.3
ZSQD,2026-03-04,7.8,-0.2
ZSQD,2026-03-05,8.2,2.4
ZSQD,2026-03-06,5.1,-3.1
ZSQD,2026-03-07,7.2,-4.8
ZSQD,2026-03-08,10.6,-2.2
ZSQD,2026-03-09,10.2,-0.4
ZSQD,2026-03-10,13.6,-2.1
ZSQD,2026-03-11,15.8,3.8
ZSQD,2026-03-12,14.5,1.4
ZSQD,2026-03-13,15.9,-2.2
ZSQD,2026-03-14,11.0,5.1
ZSQD,2026-03-15,13.1,1.2
ZSQD,2026-03-16,13.4,0.6
ZSQD,2026-03-17,13.7,0.1
ZSQD,2026-03-18,10.3,0.4
ZSQD,2026-03-19,13.3,-2.8
ZSQD,2026-03-20,17.1,3.2
ZSQD,2026-03-21,17.0,3.5
ZSQD,2026-03-22,19.3,6.9
ZSQD,2026-03-23,18.6,5.3
ZSQD,2026-03-24,16.8,5.7
ZSQD,2026-03-25,23.1,4.4
ZSQD,2026-03-26,26.1,8.6
ZSQD,2026-03-27,24.2,11.1
ZSQD,2026-03-28,20.2,7.5
ZSQD,2026-03-29,19.0,9.9
ZSQD,2026-03-30,19.1,9.0
ZSQD,2026-03-31,18.9,5.2
ZUCK,2026-03-01,15.5,12.2
ZUCK,2026-03-02,16.4,12.7
ZUCK,2026-03-03,15.7,10.6
ZUCK,2026-03-04,20.5,10.5
ZUCK,2026-03-05,19.6,12.9
ZUCK,2026-03-06,19.7,11.3
ZUCK,2026-03-07,14.1,11.4
ZUCK,2026-03-08,16.5,10.9
ZUCK,2026-03-09,16.3,10.4
ZUCK,2026-03-10,19.4,8.0
ZUCK,2026-03-11,22.0,9.6
ZUCK,2026-03-12,23.7,11.2
ZUCK,2026-03-13,23.6,12.6
ZUCK,2026-03-14,16.2,8.8
ZUCK,2026-03-15,11.4,8.3
ZUCK,2026-03-16,13.2,8.9
ZUCK,2026-03-17,14.6,10.1
ZUCK,2026-03-18,15.5,9.6
ZUCK,2026-03-19,15.2,9.3
ZUCK,2026-03-20,15.4,10.8
ZUCK,2026-03-21,20.1,9.8
ZUCK,2026-03-22,20.4,11.9
ZUCK,2026-03-23,15.8,14.1
ZUCK,2026-03-24,18.9,12.8
ZUCK,2026-03-25,20.0,12.0
ZUCK,2026-03-26,21.5,13.3
ZUCK,2026-03-27,20.1,14.0
ZUCK,2026-03-28,20.1,13.8
ZUCK,2026-03-29,18.0,14.1
ZUCK,2026-03-30,20.4,12.2
ZUCK,2026-03-31,18.9,13.0
ZUUU,2026-03-01,19.9,10.9
ZUUU,2026-03-02,16.5,11.1
ZUUU,2026-03-03,17.9,11.6
ZUUU,2026-03-04,20.2,8.4
ZUUU,2026-03-05,21.4,13.0
ZUUU,2026-03-06,18.4,12.8
ZUUU,2026-03-07,14.6,12.4
ZUUU,2026-03-08,14.1,8.9
ZUUU,2026-03-09,19.7,10.2
ZUUU,2026-03-10,20.5,9.1
ZUUU,2026-03-11,24.5,11.5
ZUUU,2026-03-12,20.4,14.4
ZUUU,2026-03-13,15.8,12.4
ZUUU,2026-03-14,12.1,9.9
ZUUU,2026-03-15,14.4,8.6
ZUUU,2026-03-16,13.7,7.8
ZUUU,2026-03-17,14.6,9.1
ZUUU,2026-03-18,14.2,9.6
ZUUU,2026-03-19,14.9,8.9
ZUUU,2026-03-20,19.1,7.2
ZUUU,2026-03-21,19.0,8.5
ZUUU,2026-03-22,20.9,12.0
ZUUU,2026-03-23,19.0,13.1
ZUUU,2026-03-24,22.5,10.8
ZUUU,2026-03-25,17.0,14.1
ZUUU,2026-03-26,22.9,11.2
ZUUU,2026-03-27,20.5,14.9
ZUUU,2026-03-28,22.2,12.4
ZUUU,2026-03-29,18.1,14.9
ZUUU,2026-03-30,15.6,12.4
ZUUU,2026-03-31,22.0,9.4
